{"best_params": {"std_range--left--GaussNoiseTransform": 0.09121878374854336, "std_range--right--GaussNoiseTransform": 0.09390241618454649, "mean_range--left--GaussNoiseTransform": 0.09546883129153814, "mean_range--right--GaussNoiseTransform": 0.09925413187614564, "per_channel--GaussNoiseTransform": false, "alpha--left--EmbossTransform": 0.9994520836954591, "alpha--right--EmbossTransform": 0.9996774552959573, "strength--left--EmbossTransform": 0.9062178570040345, "strength--right--EmbossTransform": 0.995411246872209}, "best_score": 0.57602139371669, "best_transforms": ["GaussNoiseTransform", "EmbossTransform"]}